{
	"Types":
		[	
			{
				"Type" : "IncompleteFeature",
				"FG" : "brown",
				"Symbol" : "\u25AB",
				"Components" : {
					"IncompleteFixtureComponent": {}
				}
			},
			{
				"Type" : "StructureFeature",
				"FG" : "brown",
				"Symbol" : "\u25AB",
				"Components" : {
					"Defender": {
						"Toughness": 9,
						"Evasion": -10
					}
				}
			},
			{
				"Type" : "ClubTree",
				"Name": "tree",
				"FG" : "#44AA33",
				"Symbol" : "\u2663",
				"Components" : {
					"Harvestable": {
						"Yields": {"Wood": 1}
					}
				}
			},
			{
				"Type" : "SpadeTree",
				"Name": "tree",
				"FG" : "#669933",
				"Symbol" : "\u2660",
				"Components" : {
					"Harvestable": {
						"Yields": {"Wood": 1}
					}
				}
			},
			{
				"Type" : "Seaweed",
				"Name": "seaweed",
				"FG" : "green",
				"Symbol" : "\u023F",
				"Components" : {}
			},
			{
				"Type" : "Shrub",
				"Name": "shrub",
				"FG" : "green",
				"Symbol" : "\u2698",
				"Components" : {}
			},
			{
				"Type" : "Grave",
				"Name": "grave",
				"FG" : "WALLFG",
				"Symbol" : "\u271D",
				"Components" : {
					"Harvestable": {
						"Yields": {"Corpse": 1, "TradeGoods": 0.1}
					}
				}
			},
			{
				"Type" : "Ramp",
				"Name": "ramp",
				"FG" : "WALLFG",
				"Symbol" : "^",
				"Components" : {
					"Fixture":	{
						"Ingredients": {"Rock": 1},
						"Structures": ["Workshop"]
					},
					"RampFeatureComponent": {}
				}
			},
			{
				"Type" : "TiledFloor",
				"Name": "tiled stone floor",
				"FG" : "FLOORFG",
				"Symbol" : ".",
				"Components" : {
					"Fixture":	{
						"Labor": 1,
						"Structures": ["Workshop"]
					},
					"TiledFloorFeatureComponent": {}
				}
			},
			{
				"Type" : "Door",
				"Name": "door",
				"FG" : "brown",
				"Solid": true,
				"Symbol" : "\u25A7",
				"Components" : {
					"Fixture":	{
						"Ingredients": {"Wood": 2},
						"Structures": ["Workshop"]
					},
					"Defender": {
						"Toughness": 9,
						"Evasion": -10
					},
					"DoorFeatureComponent": {}
				}
			},
			{
				"Type" : "SpearTrap",
				"Name": "spear trap",
				"FG" : "brown",
				"Symbol" : "\u2963",
				"Components" : {
					"Fixture":	{
						"Ingredients": {"Wood": 2, "Flint": 1},
						"Structures": ["Workshop"],
						"Research": ["SpearTrap"]
					},
					"Attacker": {},
					"SpearTrapComponent": {}
				}
			}

		]
}