{
	"Types":
		[	
			{
				"Type" : "Necromancer",
				"Name": "necromancer",
				"FG" : "magenta",
				"Symbol" : "@",
				"Components" : {
					"Actor" : {},
					"Senses": {},
					"Movement": {},
					"SpellCaster": {},
					"Attacker": {},
					"Defender": {
						"Evasion": 1
					}
				}
			},
			{
				"Type" : "Spider",
				"Name": "spider",
				"FG" : "white",
				"Symbol" : "s",
				"Components" : {
					"Actor": {"Team": "Neutral"},
					"Senses": {},
					"Movement": {},
					"Attacker": {},
					"Defender": {}
				}
			},
			{
				"Type" : "Zombie",
				"Name": "zombie",
				"FG" : "lime green",
				"Symbol" : "z",
				"Components" : {
					"Actor": {},
					"Senses": {},
					"Movement": {},
					"Minion": {},
					"Inventory": {},
					"Attacker": {},
					"Defender": {
						"Evasion": 0
					},
					"Decaying": {}
				}
			},
			{
				"Type" : "PackRat",
				"Name" : "pack rat",
				"FG" : "brown",
				"Symbol" : "r",
				"Components" : {
					"Actor": {"Team" : "Neutral"},
					"Senses": {},
					"Movement": {},
					"Inventory": {},
					"Attacker": {},
					"Defender": {}
				}
			},
			{
				"Type" : "HungryGhoul",
				"Name" : "ghoul",
				"FG" : "red",
				"Symbol" : "z",
				"Components" : {
					"Actor": {"Team" : "Evil"},
					"Senses": {},
					"Movement": {},
					"Inventory": {},
					"Attacker": {},
					"Defender": {}
				}
			},
			{
				"Type" : "AngryPeasant",
				"Name" : "peasant",
				"FG" : "brown",
				"Symbol" : "@",
				"Components" : {
					"Actor": {
						"Team" : "Good"
					},
					"Senses": {},
					"Movement": {},
					"Inventory": {},
					"Attacker": {},
					"Defender": {}
				}
			},
			{
				"Type" : "WolfHound",
				"Name" : "wolfhound",
				"FG" : "brown",
				"Symbol" : "w",
				"Components" : {
					"Actor": {
						"Team" : "Evil"
					},
					"Senses": {},
					"Movement": {},
					"Inventory": {},
					"Attacker": {
						"Damage": 1,
						"Accuracy": -2
					},
					"Defender": {
						"Toughness": -2,
						"Evasion": 1
					}
				}
			},
			{
				"Type" : "HumanBandit",
				"Name" : "human bandit",
				"FG" : "brown",
				"Symbol" : "@",
				"Components" : {
					"Actor": {
						"Team" : "Evil",
					},
					"Senses": {},
					"Movement": {},
					"Inventory": {},
					"Attacker": {},
					"Defender": {}
				}
			},
			{
				"Type" : "VampireBat",
				"Name" : "vampire bat",
				"FG" : "gray",
				"Symbol" : "b",
				"Components" : {
					"Actor": {"Team" : "Evil"},
					"Senses": {},
					"Movement": {},
					"Inventory": {},
					"Attacker": {},
					"Defender": {}
				}
			},
			{
				"Type" : "Goblin",
				"Name" : "goblin",
				"FG" : "blue",
				"Symbol" : "g",
				"Components" : {
					"Actor": {"Team" : "Evil"},
					"Senses": {},
					"Movement": {},
					"Inventory": {},
					"Attacker": {},
					"Defender": {}
				}
			},
			{
				"Type" : "FlourescentJelly",
				"Name" : "flourescent jelly",
				"FG" : "green",
				"Symbol" : "o",
				"Components" : {
					"Actor": {"Team" : "Evil"},
					"Senses": {},
					"Movement": {},
					"Inventory": {},
					"Attacker": {},
					"Defender": {}
				}
			},
			{
				"Type" : "NoctilucantOoze",
				"Name" : "noctilucant ooze",
				"FG" : "green",
				"Symbol" : "O",
				"Components" : {
					"Actor": {"Team" : "Evil"},
					"Senses": {},
					"Movement": {},
					"Inventory": {},
					"Attacker": {},
					"Defender": {}
				}
			},
			{
				"Type" : "TroglodyteWarrior",
				"Name" : "troglodyte warrior",
				"FG" : "brown",
				"Symbol" : "t",
				"Components" : {
					"Actor": {"Team" : "Evil"},
					"Senses": {},
					"Movement": {},
					"Inventory": {},
					"Attacker": {},
					"Defender": {}
				}
			},
			{
				"Type" : "TrollChampion",
				"Name" : "troll champion",
				"FG" : "brown",
				"Symbol" : "T",
				"Components" : {
					"Actor": {"Team" : "Evil"},
					"Senses": {},
					"Movement": {},
					"Inventory": {},
					"Attacker": {},
					"Defender": {}
				}
			},
			{
				"Type" : "BasaltElemental",
				"Name" : "basalt elemental",
				"FG" : "gray",
				"Symbol" : "e",
				"Components" : {
					"Actor": {"Team" : "Evil"},
					"Senses": {},
					"Movement": {},
					"Inventory": {},
					"Attacker": {},
					"Defender": {}
				}
			},
			{
				"Type" : "BedrockElemental",
				"Name" : "bedrock elemental",
				"FG" : "gray",
				"Symbol" : "E",
				"Components" : {
					"Actor": {"Team" : "Evil"},
					"Senses": {},
					"Movement": {},
					"Inventory": {},
					"Attacker": {},
					"Defender": {}
				}
			},
			{
				"Type" : "RagingDryad",
				"Name" : "raging dryad",
				"FG" : "green",
				"Symbol" : "n",
				"Components" : {
					"Actor": {"Team" : "Hostile"},
					"Senses": {},
					"Movement": {},
					"Inventory": {},
					"Attacker": {},
					"Defender": {}
				}
			},
			{
				"Type" : "IntroZombie",
				"Name" : "zombie",
				"FG" : "green",
				"Symbol" : "z",
				"Components" : {
					"Actor": {"Team" : "Hostile"},
					"Movement": {},
					"Inventory": {}
				}
			},
			{
				"Type" : "IntroNecromancer",
				"Name" : "necromancer",
				"FG" : "magenta",
				"Symbol" : "@",
				"Components" : {
					"Actor": {"Team" : "Hostile"},
					"Movement": {}
				}
			}
		]
}